Functional Family, Minimum, Maximum, Average, Median, Variance, Standard Deviation
1.10.10.10.FF265980, 64, 77, 69.2, 69, 247.2, 15.7225952056268

1.10.10.10.FF266283, 84, 101, 92.75, 87, 913.75, 30.2282980003837

1.10.10.10.FF266457, 14, 74, 64.65, 73, 3562.55, 59.6871007840052

1.10.10.580.FF1744, 55, 88, 70, 72, 1982, 44.5196585791041

1.10.10.60.FF123781, 53, 71, 70.0526315789474, 71, 306.947368421053, 17.5199134821224

